{
  "runtimeOptions": {
    "tfm": "net6.0",
    "frameworks": [
      {
        "name": "Microsoft.NETCore.App",
        "version": "6.0.0"
      },
      {
        "name": "Microsoft.WindowsDesktop.App",
        "version": "6.0.0"
      }
    ],
    "additionalProbingPaths": [
      "C:\\Users\\angel\\.dotnet\\store\\|arch|\\|tfm|",
      "C:\\Users\\angel\\.nuget\\packages",
      "C:\\Program Files (x86)\\Microsoft Visual Studio\\Shared\\NuGetPackages"
    ],
    "configProperties": {
      "Microsoft.NETCore.DotNetHostPolicy.SetAppPaths": true
    }
  }
}